date;avg_temp
1901-01-01;-3.7545
1901-02-01;-3.6947
1901-03-01;2.58825
1901-04-01;8.38149
1901-05-01;12.8077
1901-06-01;15.7247
1901-07-01;18.5936
1901-08-01;16.7638
1901-09-01;13.7368
1901-10-01;9.4424
1901-11-01;2.75495
1901-12-01;0.83234
1902-01-01;2.46186
1902-02-01;-1.15
1902-03-01;3.85139
1902-04-01;8.16229
1902-05-01;8.79534
1902-06-01;15.4253
1902-07-01;15.9794
1902-08-01;15.0411
1902-09-01;12.4994
1902-10-01;7.30064
1902-11-01;1.73418
1902-12-01;-2.0016
1903-01-01;0.24975
1903-02-01;3.72507
1903-03-01;6.23987
1903-04-01;4.99192
1903-05-01;12.7939
1903-06-01;14.8335
1903-07-01;16.4231
1903-08-01;15.7828
1903-09-01;13.8037
1903-10-01;9.76555
1903-11-01;4.34077
1903-12-01;-0.9571
1904-01-01;-1.3526
1904-02-01;1.15988
1904-03-01;3.38397
1904-04-01;9.17135
1904-05-01;12.4555
1904-06-01;15.3518
1904-07-01;18.8638
1904-08-01;17.0188
1904-09-01;12.2136
1904-10-01;8.54323
1904-11-01;3.41997
1904-12-01;2.19434
1905-01-01;-1.9119
1905-02-01;1.39935
1905-03-01;4.92318
1905-04-01;6.15714
1905-05-01;12.1575
1905-06-01;17.128
1905-07-01;18.6643
1905-08-01;16.7708
1905-09-01;13.1545
1905-10-01;5.06827
1905-11-01;3.16251
1905-12-01;0.81266
1906-01-01;0.77078
1906-02-01;0.56171
1906-03-01;2.79168
1906-04-01;8.44328
1906-05-01;13.2897
1906-06-01;14.9033
1906-07-01;17.1975
1906-08-01;16.8134
1906-09-01;13.0181
1906-10-01;10.1769
1906-11-01;6.23446
1906-12-01;-2.0932
1907-01-01;-0.6338
1907-02-01;-1.3805
1907-03-01;3.14037
1907-04-01;6.44812
1907-05-01;13.0647
1907-06-01;14.736
1907-07-01;14.6557
1907-08-01;16.1096
1907-09-01;13.5324
1907-10-01;11.4733
1907-11-01;3.70962
1907-12-01;1.3469
1908-01-01;-2.2487
1908-02-01;1.33873
1908-03-01;2.78164
1908-04-01;5.67238
1908-05-01;13.2791
1908-06-01;17.0169
1908-07-01;17.201
1908-08-01;14.9013
1908-09-01;12.5437
1908-10-01;8.41591
1908-11-01;1.5432
1908-12-01;-0.5339
1909-01-01;-1.9288
1909-02-01;-2.3488
1909-03-01;1.96556
1909-04-01;8.06304
1909-05-01;10.873
1909-06-01;14.0906
1909-07-01;15.093
1909-08-01;16.3806
1909-09-01;12.9768
1909-10-01;10.5409
1909-11-01;1.98363
1909-12-01;1.66163
1910-01-01;1.16621
1910-02-01;2.54236
1910-03-01;4.15101
1910-04-01;7.58154
1910-05-01;12.4317
1910-06-01;16.5745
1910-07-01;15.63
1910-08-01;16.2404
1910-09-01;12.3975
1910-10-01;9.36156
1910-11-01;2.41401
1910-12-01;2.53852
1911-01-01;-1.3102
1911-02-01;1.46427
1911-03-01;4.43685
1911-04-01;7.69103
1911-05-01;13.4296
1911-06-01;15.2547
1911-07-01;19.3883
1911-08-01;19.8786
1911-09-01;14.8537
1911-10-01;8.88739
1911-11-01;4.87167
1911-12-01;2.81082
1912-01-01;-1.7745
1912-02-01;2.5588
1912-03-01;6.34049
1912-04-01;7.29189
1912-05-01;11.9748
1912-06-01;15.5966
1912-07-01;18.0907
1912-08-01;14.3873
1912-09-01;9.88208
1912-10-01;6.84637
1912-11-01;2.65583
1912-12-01;3.12251
1913-01-01;-0.3147
1913-02-01;1.44044
1913-03-01;6.39169
1913-04-01;8.29416
1913-05-01;12.4654
1913-06-01;14.8927
1913-07-01;14.765
1913-08-01;15.2282
1913-09-01;13.036
1913-10-01;9.80873
1913-11-01;6.78665
1913-12-01;1.89261
1914-01-01;-3.1987
1914-02-01;3.43804
1914-03-01;5.08451
1914-04-01;10.0624
1914-05-01;10.9994
1914-06-01;14.6856
1914-07-01;17.6548
1914-08-01;17.5293
1914-09-01;12.8674
1914-10-01;8.44384
1914-11-01;3.48471
1914-12-01;3.48114
1915-01-01;0.05401
1915-02-01;1.15567
1915-03-01;2.09808
1915-04-01;7.1319
1915-05-01;13.3136
1915-06-01;17.4786
1915-07-01;16.3164
1915-08-01;15.5429
1915-09-01;12.3007
1915-10-01;6.53093
1915-11-01;1.54191
1915-12-01;3.35431
1916-01-01;3.44258
1916-02-01;1.16427
1916-03-01;4.22903
1916-04-01;8.52241
1916-05-01;13.1256
1916-06-01;12.8787
1916-07-01;16.0099
1916-08-01;16.1582
1916-09-01;12.3228
1916-10-01;8.6326
1916-11-01;4.73014
1916-12-01;1.75335
1917-01-01;-2.7205
1917-02-01;-3.3648
1917-03-01;0.39027
1917-04-01;4.66656
1917-05-01;15.1406
1917-06-01;18.6539
1917-07-01;17.5552
1917-08-01;17.0329
1917-09-01;15.1174
1917-10-01;7.50383
1917-11-01;5.07609
1917-12-01;-2.2882
1918-01-01;0.64946
1918-02-01;1.78685
1918-03-01;4.42862
1918-04-01;9.33823
1918-05-01;14.089
1918-06-01;13.0999
1918-07-01;16.6355
1918-08-01;16.2522
1918-09-01;13.3295
1918-10-01;8.20278
1918-11-01;3.2194
1918-12-01;3.66537
1919-01-01;0.53235
1919-02-01;-0.2092
1919-03-01;3.35873
1919-04-01;5.81268
1919-05-01;11.8333
1919-06-01;15.1822
1919-07-01;14.5232
1919-08-01;16.4816
1919-09-01;15.1231
1919-10-01;6.19873
1919-11-01;0.55085
1919-12-01;0.6739
1920-01-01;2.04391
1920-02-01;3.14325
1920-03-01;6.70249
1920-04-01;9.62151
1920-05-01;13.9597
1920-06-01;15.0293
1920-07-01;17.5696
1920-08-01;15.2609
1920-09-01;13.3011
1920-10-01;7.13928
1920-11-01;1.53704
1920-12-01;0.43312
1921-01-01;3.88401
1921-02-01;1.33875
1921-03-01;6.18737
1921-04-01;8.09334
1921-05-01;14.0273
1921-06-01;14.4945
1921-07-01;18.7219
1921-08-01;17.406
1921-09-01;13.8976
1921-10-01;11.2453
1921-11-01;0.02128
1921-12-01;0.53537
1922-01-01;-2.6971
1922-02-01;-1.2181
1922-03-01;3.90056
1922-04-01;5.82099
1922-05-01;13.591
1922-06-01;15.5731
1922-07-01;15.782
1922-08-01;15.5312
1922-09-01;11.5472
1922-10-01;5.28653
1922-11-01;2.60919
1922-12-01;2.14098
1923-01-01;1.36145
1923-02-01;0.98239
1923-03-01;5.2463
1923-04-01;7.07973
1923-05-01;11.614
1923-06-01;12.0328
1923-07-01;18.6831
1923-08-01;15.9535
1923-09-01;13.3655
1923-10-01;10.6203
1923-11-01;3.03485
1923-12-01;-1.5526
1924-01-01;-2.8006
1924-02-01;-2.4708
1924-03-01;2.52196
1924-04-01;6.59586
1924-05-01;13.6417
1924-06-01;15.1684
1924-07-01;16.8362
1924-08-01;14.759
1924-09-01;13.9298
1924-10-01;9.60347
1924-11-01;3.29303
1924-12-01;1.6494
1925-01-01;2.36074
1925-02-01;3.8279
1925-03-01;1.77063
1925-04-01;8.5205
1925-05-01;13.9041
1925-06-01;15.0504
1925-07-01;18.0667
1925-08-01;16.8618
1925-09-01;11.4829
1925-10-01;8.6587
1925-11-01;2.129
1925-12-01;-0.3987
1926-01-01;-0.2723
1926-02-01;4.27974
1926-03-01;4.34239
1926-04-01;10.0461
1926-05-01;10.8121
1926-06-01;13.8751
1926-07-01;17.4337
1926-08-01;16.4195
1926-09-01;15.0058
1926-10-01;8.06842
1926-11-01;6.23139
1926-12-01;0.32473
1927-01-01;1.59354
1927-02-01;0.96791
1927-03-01;6.27789
1927-04-01;7.44285
1927-05-01;11.0487
1927-06-01;14.1111
1927-07-01;17.4631
1927-08-01;16.7446
1927-09-01;13.91
1927-10-01;8.88314
1927-11-01;2.62382
1927-12-01;-2.6461
1928-01-01;1.39216
1928-02-01;2.46531
1928-03-01;3.35945
1928-04-01;7.7896
1928-05-01;10.2221
1928-06-01;14.1477
1928-07-01;18.567
1928-08-01;16.5446
1928-09-01;13.0706
1928-10-01;9.00418
1928-11-01;6.2223
1928-12-01;-0.4473
1929-01-01;-4.6627
1929-02-01;-6.5212
1929-03-01;3.11122
1929-04-01;4.85253
1929-05-01;13.2087
1929-06-01;14.7274
1929-07-01;17.5658
1929-08-01;17.4453
1929-09-01;15.9743
1929-10-01;9.92636
1929-11-01;4.96428
1929-12-01;3.48832
1930-01-01;2.41514
1930-02-01;-0.0358
1930-03-01;4.59945
1930-04-01;8.69632
1930-05-01;11.7826
1930-06-01;18.301
1930-07-01;16.5456
1930-08-01;16.4187
1930-09-01;13.6375
1930-10-01;9.03564
1930-11-01;6.09436
1930-12-01;0.5651
1931-01-01;-0.442
1931-02-01;-1.3052
1931-03-01;0.27016
1931-04-01;5.72379
1931-05-01;14.8962
1931-06-01;15.911
1931-07-01;16.9491
1931-08-01;15.6534
1931-09-01;10.6082
1931-10-01;7.47493
1931-11-01;4.86324
1931-12-01;-0.0734
1932-01-01;1.88202
1932-02-01;-2.1021
1932-03-01;1.01473
1932-04-01;7.14935
1932-05-01;12.4704
1932-06-01;14.495
1932-07-01;18.0514
1932-08-01;18.9997
1932-09-01;15.4888
1932-10-01;8.48755
1932-11-01;4.33002
1932-12-01;1.48271
1933-01-01;-2.7602
1933-02-01;-0.2978
1933-03-01;5.31461
1933-04-01;7.09182
1933-05-01;11.3719
1933-06-01;14.4577
1933-07-01;18.112
1933-08-01;17.3433
1933-09-01;14.2786
1933-10-01;8.90678
1933-11-01;2.59414
1933-12-01;-3.6394
1934-01-01;-0.4162
1934-02-01;0.79579
1934-03-01;4.26906
1934-04-01;10.0008
1934-05-01;13.0442
1934-06-01;15.8871
1934-07-01;18.2118
1934-08-01;16.5188
1934-09-01;15.7509
1934-10-01;9.5978
1934-11-01;3.94546
1934-12-01;3.34345
1935-01-01;-1.4151
1935-02-01;1.34421
1935-03-01;2.78186
1935-04-01;7.34078
1935-05-01;10.2937
1935-06-01;17.1511
1935-07-01;17.7301
1935-08-01;17.1232
1935-09-01;14.0474
1935-10-01;8.67655
1935-11-01;5.15807
1935-12-01;-0.0157
1936-01-01;2.39436
1936-02-01;-0.1558
1936-03-01;5.30127
1936-04-01;6.54264
1936-05-01;12.566
1936-06-01;16.0906
1936-07-01;16.8614
1936-08-01;16.5416
1936-09-01;13.3848
1936-10-01;6.26212
1936-11-01;4.07269
1936-12-01;1.45987
1937-01-01;-1.145
1937-02-01;1.80508
1937-03-01;2.85941
1937-04-01;7.87008
1937-05-01;14.5905
1937-06-01;16.2878
1937-07-01;17.2221
1937-08-01;17.4779
1937-09-01;13.7553
1937-10-01;9.96041
1937-11-01;3.15363
1937-12-01;-0.9163
1938-01-01;0.77971
1938-02-01;0.92323
1938-03-01;7.12015
1938-04-01;5.2618
1938-05-01;10.8928
1938-06-01;15.9101
1938-07-01;16.8438
1938-08-01;17.9275
1938-09-01;14.3853
1938-10-01;8.81389
1938-11-01;7.13888
1938-12-01;-1.9294
1939-01-01;1.65395
1939-02-01;1.70741
1939-03-01;1.91295
1939-04-01;8.88991
1939-05-01;10.5376
1939-06-01;16.2297
1939-07-01;17.1046
1939-08-01;17.9681
1939-09-01;13.9644
1939-10-01;6.50616
1939-11-01;5.19712
1939-12-01;-1.6528
1940-01-01;-7.8934
1940-02-01;-4.11
1940-03-01;2.5021
1940-04-01;7.82632
1940-05-01;11.7994
1940-06-01;16.5769
1940-07-01;16.0978
1940-08-01;14.6337
1940-09-01;12.6562
1940-10-01;7.80433
1940-11-01;5.12817
1940-12-01;-2.7432
1941-01-01;-5.5915
1941-02-01;-0.6727
1941-03-01;3.27178
1941-04-01;5.52022
1941-05-01;8.92151
1941-06-01;16.1373
1941-07-01;18.5385
1941-08-01;15.2287
1941-09-01;12.8089
1941-10-01;7.97642
1941-11-01;1.8342
1941-12-01;1.01599
1942-01-01;-6.7369
1942-02-01;-3.4172
1942-03-01;2.56411
1942-04-01;7.23268
1942-05-01;12.1631
1942-06-01;14.185
1942-07-01;16.8022
1942-08-01;18.0402
1942-09-01;15.4331
1942-10-01;10.9769
1942-11-01;3.09776
1942-12-01;1.41791
1943-01-01;-0.5845
1943-02-01;2.11542
1943-03-01;4.8153
1943-04-01;8.62134
1943-05-01;12.428
1943-06-01;14.4338
1943-07-01;17.8535
1943-08-01;17.7352
1943-09-01;14.5897
1943-10-01;10.3963
1943-11-01;2.71917
1943-12-01;-0.2488
1944-01-01;2.07603
1944-02-01;-0.7467
1944-03-01;1.58736
1944-04-01;8.40129
1944-05-01;11.3908
1944-06-01;14.4204
1944-07-01;17.8025
1944-08-01;19.9132
1944-09-01;13.89
1944-10-01;8.81261
1944-11-01;3.63846
1944-12-01;-0.4718
1945-01-01;-3.4714
1945-02-01;2.7125
1945-03-01;5.60863
1945-04-01;8.64935
1945-05-01;13.4454
1945-06-01;16.221
1945-07-01;17.8849
1945-08-01;16.7572
1945-09-01;14.0589
1945-10-01;9.83239
1945-11-01;3.3229
1945-12-01;0.77709
1946-01-01;-2.5977
1946-02-01;1.16496
1946-03-01;3.95225
1946-04-01;10.0486
1946-05-01;13.6421
1946-06-01;14.9424
1946-07-01;18.73
1946-08-01;16.9338
1946-09-01;15.1032
1946-10-01;7.53619
1946-11-01;3.65888
1946-12-01;-2.4482
1947-01-01;-4.6628
1947-02-01;-4.0142
1947-03-01;3.05815
1947-04-01;8.65609
1947-05-01;13.9983
1947-06-01;17.4632
1947-07-01;18.9225
1947-08-01;18.6141
1947-09-01;16.9508
1947-10-01;8.69293
1947-11-01;5.04453
1947-12-01;1.57982
1948-01-01;1.83872
1948-02-01;-0.5859
1948-03-01;4.95148
1948-04-01;9.47938
1948-05-01;13.3205
1948-06-01;15.445
1948-07-01;16.6663
1948-08-01;16.9069
1948-09-01;14.6841
1948-10-01;9.39939
1948-11-01;4.74707
1948-12-01;1.6079
1949-01-01;0.99231
1949-02-01;1.24163
1949-03-01;2.5889
1949-04-01;9.75421
1949-05-01;11.9639
1949-06-01;14.1255
1949-07-01;17.3986
1949-08-01;17.1227
1949-09-01;16.386
1949-10-01;10.8227
1949-11-01;3.45568
1949-12-01;2.14119
1950-01-01;-2.5725
1950-02-01;1.76247
1950-03-01;5.13869
1950-04-01;7.20564
1950-05-01;13.7019
1950-06-01;17.449
1950-07-01;17.9638
1950-08-01;18.0454
1950-09-01;13.3508
1950-10-01;8.21627
1950-11-01;3.96492
1950-12-01;-1.076
1951-01-01;1.23758
1951-02-01;1.88352
1951-03-01;2.46002
1951-04-01;7.66069
1951-05-01;11.6439
1951-06-01;15.497
1951-07-01;17.2793
1951-08-01;17.6323
1951-09-01;14.974
1951-10-01;7.57431
1951-11-01;6.60873
1951-12-01;2.57174
1952-01-01;0.03214
1952-02-01;0.04513
1952-03-01;2.81387
1952-04-01;10.6904
1952-05-01;12.3808
1952-06-01;15.426
1952-07-01;18.4354
1952-08-01;18.1255
1952-09-01;10.9728
1952-10-01;7.48377
1952-11-01;1.86095
1952-12-01;-0.4828
1953-01-01;-0.8435
1953-02-01;0.04264
1953-03-01;5.04394
1953-04-01;9.29608
1953-05-01;13.2679
1953-06-01;16.184
1953-07-01;17.6911
1953-08-01;16.88
1953-09-01;13.9093
1953-10-01;10.6405
1953-11-01;4.96951
1953-12-01;2.45462
1954-01-01;-3.4342
1954-02-01;-3.5059
1954-03-01;4.62659
1954-04-01;6.10986
1954-05-01;12.3724
1954-06-01;16.2431
1954-07-01;14.7102
1954-08-01;16.1737
1954-09-01;13.9191
1954-10-01;10.1124
1954-11-01;4.2152
1954-12-01;3.15008
1955-01-01;-1.6062
1955-02-01;-1.708
1955-03-01;0.7893
1955-04-01;7.24932
1955-05-01;10.5725
1955-06-01;14.7491
1955-07-01;17.5568
1955-08-01;17.2402
1955-09-01;13.901
1955-10-01;8.33914
1955-11-01;4.03895
1955-12-01;2.50632
1956-01-01;0.23502
1956-02-01;-5.2025
1956-03-01;3.23154
1956-04-01;5.61293
1956-05-01;12.6353
1956-06-01;13.4277
1956-07-01;17.0464
1956-08-01;14.5585
1956-09-01;14.1453
1956-10-01;8.53104
1956-11-01;2.60816
1956-12-01;1.87456
1957-01-01;0.06604
1957-02-01;3.89416
1957-03-01;6.69388
1957-04-01;7.77953
1957-05-01;9.97011
1957-06-01;16.8158
1957-07-01;17.8238
1957-08-01;15.5013
1957-09-01;12.1974
1957-10-01;9.31166
1957-11-01;4.67256
1957-12-01;0.47611
1958-01-01;-0.2887
1958-02-01;2.03013
1958-03-01;0.01625
1958-04-01;5.52041
1958-05-01;13.4395
1958-06-01;14.6381
1958-07-01;17.1694
1958-08-01;17.2416
1958-09-01;14.9668
1958-10-01;9.56715
1958-11-01;4.30482
1958-12-01;2.505
1959-01-01;-0.1269
1959-02-01;-0.1416
1959-03-01;6.40189
1959-04-01;9.69097
1959-05-01;12.8169
1959-06-01;16.2186
1959-07-01;19.4919
1959-08-01;17.8058
1959-09-01;14.1747
1959-10-01;8.9393
1959-11-01;3.42276
1959-12-01;2.09766
1960-01-01;-0.1774
1960-02-01;0.46828
1960-03-01;4.47038
1960-04-01;7.66705
1960-05-01;12.938
1960-06-01;16.3468
1960-07-01;15.6391
1960-08-01;16.1698
1960-09-01;12.9957
1960-10-01;9.32506
1960-11-01;6.05673
1960-12-01;1.13173
1961-01-01;-0.8983
1961-02-01;4.30972
1961-03-01;6.43812
1961-04-01;10.7239
1961-05-01;10.5117
1961-06-01;16.155
1961-07-01;15.42
1961-08-01;16.1393
1961-09-01;16.6863
1961-10-01;10.8496
1961-11-01;3.9134
1961-12-01;-0.601
1962-01-01;1.54023
1962-02-01;0.35941
1962-03-01;0.77486
1962-04-01;8.32415
1962-05-01;9.96729
1962-06-01;14.3536
1962-07-01;15.196
1962-08-01;16.2578
1962-09-01;12.8429
1962-10-01;9.23201
1962-11-01;2.81483
1962-12-01;-3.1688
1963-01-01;-7.1741
1963-02-01;-5.5452
1963-03-01;2.69537
1963-04-01;8.51316
1963-05-01;12.0541
1963-06-01;15.9032
1963-07-01;17.9294
1963-08-01;16.3026
1963-09-01;14.053
1963-10-01;8.4304
1963-11-01;7.42546
1963-12-01;-3.0465
1964-01-01;-2.5315
1964-02-01;0.51196
1964-03-01;0.7341
1964-04-01;8.79679
1964-05-01;13.6286
1964-06-01;17.017
1964-07-01;18.2091
1964-08-01;16.3308
1964-09-01;14.0905
1964-10-01;7.3167
1964-11-01;5.0507
1964-12-01;0.44686
1965-01-01;1.13747
1965-02-01;-1.5398
1965-03-01;2.68961
1965-04-01;6.93515
1965-05-01;11.1918
1965-06-01;15.5989
1965-07-01;15.1914
1965-08-01;15.3075
1965-09-01;13.1758
1965-10-01;8.59432
1965-11-01;1.4163
1965-12-01;2.31262
1966-01-01;-2.7732
1966-02-01;3.32246
1966-03-01;3.67158
1966-04-01;8.69594
1966-05-01;13.0113
1966-06-01;17.0084
1966-07-01;15.8001
1966-08-01;15.8391
1966-09-01;13.6969
1966-10-01;11.2691
1966-11-01;2.43994
1966-12-01;1.91168
1967-01-01;0.60986
1967-02-01;2.84225
1967-03-01;5.59355
1967-04-01;6.76186
1967-05-01;12.7051
1967-06-01;14.8854
1967-07-01;18.8586
1967-08-01;16.8267
1967-09-01;14.2978
1967-10-01;11.5673
1967-11-01;4.10723
1967-12-01;0.38568
1968-01-01;-1.1185
1968-02-01;0.78464
1968-03-01;4.75123
1968-04-01;9.33745
1968-05-01;10.9613
1968-06-01;16.0878
1968-07-01;16.4097
1968-08-01;16.6812
1968-09-01;13.9175
1968-10-01;10.5629
1968-11-01;3.92542
1968-12-01;-2.0365
1969-01-01;0.35461
1969-02-01;-2.016
1969-03-01;1.01364
1969-04-01;7.20535
1969-05-01;12.9013
1969-06-01;14.8626
1969-07-01;18.5237
1969-08-01;16.8613
1969-09-01;14.2415
1969-10-01;10.2926
1969-11-01;5.27335
1969-12-01;-4.4737
1970-01-01;-2.5214
1970-02-01;-1.098
1970-03-01;1.52238
1970-04-01;5.60394
1970-05-01;11.3349
1970-06-01;17.0818
1970-07-01;16.3512
1970-08-01;17.0964
1970-09-01;13.6926
1970-10-01;9.17269
1970-11-01;5.84299
1970-12-01;0.47753
1971-01-01;-1.0971
1971-02-01;1.39498
1971-03-01;1.25912
1971-04-01;8.42502
1971-05-01;13.9053
1971-06-01;13.9942
1971-07-01;18.1995
1971-08-01;18.2234
1971-09-01;12.671
1971-10-01;9.40861
1971-11-01;3.75015
1971-12-01;3.52995
1972-01-01;-2.4859
1972-02-01;1.96628
1972-03-01;5.48873
1972-04-01;7.44537
1972-05-01;11.4687
1972-06-01;14.5899
1972-07-01;17.8257
1972-08-01;16.1117
1972-09-01;11.2531
1972-10-01;7.1793
1972-11-01;4.31304
1972-12-01;0.77293
1973-01-01;-0.0501
1973-02-01;1.06451
1973-03-01;4.34223
1973-04-01;5.42039
1973-05-01;12.5967
1973-06-01;16.2012
1973-07-01;17.4494
1973-08-01;18.1443
1973-09-01;14.6629
1973-10-01;7.67927
1973-11-01;3.53049
1973-12-01;0.27497
1974-01-01;3.02172
1974-02-01;3.21531
1974-03-01;5.62599
1974-04-01;8.15346
1974-05-01;11.0684
1974-06-01;14.2405
1974-07-01;15.5568
1974-08-01;17.4374
1974-09-01;13.6487
1974-10-01;5.91679
1974-11-01;4.98491
1974-12-01;4.6918
1975-01-01;4.42395
1975-02-01;1.3663
1975-03-01;3.8612
1975-04-01;6.98203
1975-05-01;11.7993
1975-06-01;14.7046
1975-07-01;18.3508
1975-08-01;19.1869
1975-09-01;15.9427
1975-10-01;7.85481
1975-11-01;3.24898
1975-12-01;1.30631
1976-01-01;1.03346
1976-02-01;0.48641
1976-03-01;1.57077
1976-04-01;7.17291
1976-05-01;12.8988
1976-06-01;17.3913
1976-07-01;19.3304
1976-08-01;16.5253
1976-09-01;13.145
1976-10-01;9.68784
1976-11-01;4.90377
1976-12-01;-0.9245
1977-01-01;0.41995
1977-02-01;2.98989
1977-03-01;6.38593
1977-04-01;5.981
1977-05-01;11.7025
1977-06-01;15.4539
1977-07-01;16.553
1977-08-01;16.0996
1977-09-01;12.273
1977-10-01;10.4619
1977-11-01;5.20321
1977-12-01;2.01668
1978-01-01;0.65665
1978-02-01;-1.0895
1978-03-01;4.97128
1978-04-01;6.71408
1978-05-01;11.5408
1978-06-01;14.856
1978-07-01;15.6553
1978-08-01;15.5821
1978-09-01;12.5582
1978-10-01;9.46381
1978-11-01;4.40276
1978-12-01;0.22433
1979-01-01;-4.4078
1979-02-01;-1.8475
1979-03-01;3.87014
1979-04-01;6.62447
1979-05-01;12.5462
1979-06-01;16.512
1979-07-01;15.4926
1979-08-01;15.9045
1979-09-01;13.6581
1979-10-01;8.91155
1979-11-01;3.81914
1979-12-01;3.61315
1980-01-01;-2.727
1980-02-01;2.19794
1980-03-01;3.4453
1980-04-01;6.30124
1980-05-01;10.6363
1980-06-01;14.7237
1980-07-01;15.2747
1980-08-01;16.979
1980-09-01;14.4371
1980-10-01;8.35685
1980-11-01;3.20747
1980-12-01;0.70769
1981-01-01;-1.3718
1981-02-01;-0.2303
1981-03-01;7.03475
1981-04-01;7.98989
1981-05-01;13.2576
1981-06-01;15.3676
1981-07-01;16.5141
1981-08-01;16.7694
1981-09-01;14.4514
1981-10-01;8.4508
1981-11-01;4.75729
1981-12-01;-2.1044
1982-01-01;-2.293
1982-02-01;0.04676
1982-03-01;4.49465
1982-04-01;6.91797
1982-05-01;12.5727
1982-06-01;16.3989
1982-07-01;19.0375
1982-08-01;17.764
1982-09-01;16.3048
1982-10-01;9.95997
1982-11-01;6.16371
1982-12-01;2.0763
1983-01-01;3.76128
1983-02-01;-1.364
1983-03-01;4.87798
1983-04-01;8.86231
1983-05-01;11.4852
1983-06-01;16.3037
1983-07-01;20.471
1983-08-01;18.4976
1983-09-01;14.2085
1983-10-01;9.6033
1983-11-01;3.74053
1983-12-01;0.74792
1984-01-01;0.93357
1984-02-01;-0.1962
1984-03-01;2.33767
1984-04-01;7.22683
1984-05-01;10.9886
1984-06-01;13.8745
1984-07-01;16.0643
1984-08-01;17.4811
1984-09-01;12.7864
1984-10-01;10.6343
1984-11-01;5.15062
1984-12-01;1.23612
1985-01-01;-5.4848
1985-02-01;-2.8482
1985-03-01;3.09127
1985-04-01;7.93564
1985-05-01;13.2732
1985-06-01;13.7263
1985-07-01;17.679
1985-08-01;16.7245
1985-09-01;14.0881
1985-10-01;9.26373
1985-11-01;1.05128
1985-12-01;3.79887
1986-01-01;0.0659
1986-02-01;-6.2595
1986-03-01;3.33948
1986-04-01;6.44403
1986-05-01;14.2354
1986-06-01;15.9631
1986-07-01;17.3057
1986-08-01;16.6594
1986-09-01;11.9072
1986-10-01;10.0777
1986-11-01;6.15173
1986-12-01;2.06583
1987-01-01;-5.9008
1987-02-01;-0.2251
1987-03-01;-0.1101
1987-04-01;9.4156
1987-05-01;9.83908
1987-06-01;13.9769
1987-07-01;17.0953
1987-08-01;15.8781
1987-09-01;15.0154
1987-10-01;9.68534
1987-11-01;5.06869
1987-12-01;2.14954
1988-01-01;3.47877
1988-02-01;2.16355
1988-03-01;3.03305
1988-04-01;8.27729
1988-05-01;14.2967
1988-06-01;15.221
1988-07-01;17.336
1988-08-01;17.483
1988-09-01;13.8135
1988-10-01;9.98286
1988-11-01;3.27341
1988-12-01;3.33497
1989-01-01;2.47838
1989-02-01;3.50081
1989-03-01;7.44445
1989-04-01;7.47985
1989-05-01;14.0151
1989-06-01;15.5731
1989-07-01;18.0017
1989-08-01;17.5139
1989-09-01;15.0206
1989-10-01;10.9666
1989-11-01;3.07197
1989-12-01;2.51714
1990-01-01;2.50263
1990-02-01;6.01796
1990-03-01;7.43767
1990-04-01;7.79914
1990-05-01;14.1396
1990-06-01;15.3865
1990-07-01;17.0287
1990-08-01;18.8555
1990-09-01;12.4587
1990-10-01;10.7032
1990-11-01;4.72375
1990-12-01;0.87803
1991-01-01;1.96318
1991-02-01;-1.6809
1991-03-01;7.32229
1991-04-01;7.57161
1991-05-01;10.0722
1991-06-01;13.9218
1991-07-01;19.6432
1991-08-01;18.6568
1991-09-01;15.7292
1991-10-01;8.66857
1991-11-01;4.35209
1991-12-01;1.13781
1992-01-01;0.96594
1992-02-01;3.02409
1992-03-01;5.68544
1992-04-01;8.62675
1992-05-01;15.0011
1992-06-01;17.421
1992-07-01;19.1176
1992-08-01;19.56
1992-09-01;14.1997
1992-10-01;6.80679
1992-11-01;5.60251
1992-12-01;1.3996
1993-01-01;2.40357
1993-02-01;0.00333
1993-03-01;4.57159
1993-04-01;10.6612
1993-05-01;14.7693
1993-06-01;16.1237
1993-07-01;16.5336
1993-08-01;16.2893
1993-09-01;12.6361
1993-10-01;8.17951
1993-11-01;0.74878
1993-12-01;3.11583
1994-01-01;3.25906
1994-02-01;0.36829
1994-03-01;6.6699
1994-04-01;8.71049
1994-05-01;12.7059
1994-06-01;16.3011
1994-07-01;21.7445
1994-08-01;18.5173
1994-09-01;13.8828
1994-10-01;8.12692
1994-11-01;7.33281
1994-12-01;3.59386
1995-01-01;0.61905
1995-02-01;5.09206
1995-03-01;3.92955
1995-04-01;8.68313
1995-05-01;12.463
1995-06-01;14.738
1995-07-01;20.5315
1995-08-01;18.777
1995-09-01;13.2353
1995-10-01;12.3742
1995-11-01;3.49484
1995-12-01;-1.3791
1996-01-01;-2.4147
1996-02-01;-1.6982
1996-03-01;1.25059
1996-04-01;8.87259
1996-05-01;11.1675
1996-06-01;15.6968
1996-07-01;16.3067
1996-08-01;17.5761
1996-09-01;11.545
1996-10-01;9.54582
1996-11-01;4.81919
1996-12-01;-1.8692
1997-01-01;-2.4516
1997-02-01;4.24402
1997-03-01;6.60172
1997-04-01;6.77604
1997-05-01;12.7521
1997-06-01;16.1819
1997-07-01;17.5787
1997-08-01;20.3683
1997-09-01;14.7543
1997-10-01;8.28178
1997-11-01;4.3859
1997-12-01;2.20162
1998-01-01;2.82266
1998-02-01;5.13231
1998-03-01;5.72051
1998-04-01;9.16443
1998-05-01;14.4651
1998-06-01;16.6004
1998-07-01;16.635
1998-08-01;17.2254
1998-09-01;14.0119
1998-10-01;9.09046
1998-11-01;1.87924
1998-12-01;1.39982
1999-01-01;2.69926
1999-02-01;0.97467
1999-03-01;5.81345
1999-04-01;9.25519
1999-05-01;13.8266
1999-06-01;15.6576
1999-07-01;19.4417
1999-08-01;17.6383
1999-09-01;17.3007
1999-10-01;9.41301
1999-11-01;3.96911
1999-12-01;2.21168
2000-01-01;1.10166
2000-02-01;3.99163
2000-03-01;5.89024
2000-04-01;10.5356
2000-05-01;14.8181
2000-06-01;17.2848
2000-07-01;15.6626
2000-08-01;18.0981
2000-09-01;14.6411
2000-10-01;11.1252
2000-11-01;6.6194
2000-12-01;3.60372
2001-01-01;0.89059
2001-02-01;2.38944
2001-03-01;4.8538
2001-04-01;7.76703
2001-05-01;14.6977
2001-06-01;14.3756
2001-07-01;18.9581
2001-08-01;18.999
2001-09-01;12.1513
2001-10-01;13.0826
2001-11-01;3.99286
2001-12-01;0.03294
2002-01-01;1.72286
2002-02-01;5.11861
2002-03-01;6.29248
2002-04-01;8.6084
2002-05-01;14.1608
2002-06-01;17.6556
2002-07-01;17.8886
2002-08-01;19.1396
2002-09-01;13.9748
2002-10-01;8.47446
2002-11-01;5.67982
2002-12-01;0.62591
2003-01-01;-0.3015
2003-02-01;-1.1177
2003-03-01;6.23304
2003-04-01;8.76123
2003-05-01;14.5392
2003-06-01;21.1638
2003-07-01;19.2681
2003-08-01;20.5164
2003-09-01;14.5772
2003-10-01;6.48696
2003-11-01;6.55806
2003-12-01;2.03682
2004-01-01;-0.2687
2004-02-01;2.94233
2004-03-01;4.98955
2004-04-01;9.63575
2004-05-01;11.702
2004-06-01;15.3397
2004-07-01;16.9063
2004-08-01;19.0342
2004-09-01;14.83
2004-10-01;10.558
2004-11-01;4.38984
2004-12-01;1.63245
2005-01-01;2.34062
2005-02-01;-0.8422
2005-03-01;4.03267
2005-04-01;9.63464
2005-05-01;13.2912
2005-06-01;16.7495
2005-07-01;18.4984
2005-08-01;16.3473
2005-09-01;15.886
2005-10-01;11.5191
2005-11-01;4.58487
2005-12-01;0.84104
2006-01-01;-2.4452
2006-02-01;-0.1966
2006-03-01;1.91574
2006-04-01;8.39488
2006-05-01;13.2609
2006-06-01;17.2826
2006-07-01;22.4364
2006-08-01;16.1507
2006-09-01;17.3996
2006-10-01;12.8346
2006-11-01;7.67349
2006-12-01;4.89768
2007-01-01;4.56182
2007-02-01;3.92031
2007-03-01;6.6104
2007-04-01;13.6544
2007-05-01;14.6649
2007-06-01;17.8249
2007-07-01;17.7532
2007-08-01;17.5315
2007-09-01;13.1496
2007-10-01;9.00071
2007-11-01;3.96132
2007-12-01;2.01925
2008-01-01;3.59217
2008-02-01;4.4175
2008-03-01;5.05507
2008-04-01;8.42583
2008-05-01;14.7832
2008-06-01;17.438
2008-07-01;18.5435
2008-08-01;18.0275
2008-09-01;13.0731
2008-10-01;9.55051
2008-11-01;5.33844
2008-12-01;1.45098
2009-01-01;-1.3156
2009-02-01;1.2332
2009-03-01;4.66648
2009-04-01;12.1542
2009-05-01;14.257
2009-06-01;15.0555
2009-07-01;18.6342
2009-08-01;19.2937
2009-09-01;15.3057
2009-10-01;8.46731
2009-11-01;7.72052
2009-12-01;0.55775
2010-01-01;-3.3708
2010-02-01;-0.3027
2010-03-01;5.03831
2010-04-01;9.59405
2010-05-01;10.6384
2010-06-01;16.6143
2010-07-01;20.7858
2010-08-01;17.3692
2010-09-01;13.2074
2010-10-01;8.75287
2010-11-01;5.04202
2010-12-01;-3.5006
2011-01-01;1.35231
2011-02-01;1.60671
2011-03-01;5.8362
2011-04-01;12.5957
2011-05-01;14.2415
2011-06-01;17.0922
2011-07-01;16.6627
2011-08-01;18.1734
2011-09-01;15.9234
2011-10-01;10.1426
2011-11-01;5.37125
2011-12-01;3.72956
2012-01-01;2.13293
2012-02-01;-1.8876
2012-03-01;7.50886
2012-04-01;8.57598
2012-05-01;14.4504
2012-06-01;16.0043
2012-07-01;17.7196
2012-08-01;19.2147
2012-09-01;14.5496
2012-10-01;9.30774
2012-11-01;5.63998
2012-12-01;1.46997
2013-01-01;0.00579
2013-02-01;-0.237
2013-03-01;0.88513
2013-04-01;8.55046
2013-05-01;12.2922
2013-06-01;15.9368
2013-07-01;20.0602
2013-08-01;18.7139
2013-09-01;13.7294
2013-10-01;11.2751
2013-11-01;4.78426
2013-12-01;4.1685
2014-01-01;2.03831
2014-02-01;5.06797
2014-03-01;7.52772
2014-04-01;11.5564
2014-05-01;12.9111
2014-06-01;16.47
2014-07-01;19.8133
2014-08-01;16.5899
2014-09-01;15.638
2014-10-01;12.4821
2014-11-01;6.91944
2014-12-01;2.52786
2015-01-01;1.85438
2015-02-01;1.17579
2015-03-01;5.51212
2015-04-01;8.91448
2015-05-01;12.656
2015-06-01;16.0824
2015-07-01;19.7579
2015-08-01;20.25
2015-09-01;13.5006
2015-10-01;8.80112
2015-11-01;7.84024
2015-12-01;6.64561
